{
    "root_group": {
        "id": "d41d8cd98f00b204e9800998ecf8427e",
        "groups": {},
        "checks": {
                "health status 200": {
                    "fails": 0,
                    "name": "health status 200",
                    "path": "::health status 200",
                    "id": "54cc6b20b1977b24d2246b3d411f7567",
                    "passes": 4360
                },
                "orders status 200": {
                    "fails": 55,
                    "name": "orders status 200",
                    "path": "::orders status 200",
                    "id": "6a48f078abfc880b4d2a452da42becc9",
                    "passes": 4305
                },
                "orders summary status 200": {
                    "passes": 4303,
                    "fails": 57,
                    "name": "orders summary status 200",
                    "path": "::orders summary status 200",
                    "id": "60b8974eb98df7d849ba618938e3060f"
                },
                "orders stats status 200": {
                    "id": "7cddc4bf0d0094d433b30c988244e2a6",
                    "passes": 4241,
                    "fails": 119,
                    "name": "orders stats status 200",
                    "path": "::orders stats status 200"
                }
            },
        "name": "",
        "path": ""
    },
    "metrics": {
        "data_sent": {
            "count": 8349400,
            "rate": 50600.01292180846
        },
        "http_req_connecting": {
            "med": 0,
            "max": 30.0273,
            "p(90)": 0,
            "p(95)": 0,
            "p(99)": 1.5553420000000013,
            "avg": 0.05385061926605505,
            "min": 0
        },
        "iterations": {
            "count": 4360,
            "rate": 26.422983248986142
        },
        "http_req_sending": {
            "max": 23.7671,
            "p(90)": 0,
            "p(95)": 0.4797,
            "p(99)": 0.6936610000000001,
            "avg": 0.042191966743119334,
            "min": 0,
            "med": 0
        },
        "checks": {
            "passes": 17209,
            "fails": 231,
            "value": 0.9867545871559633
        },
        "http_req_duration{expected_response:true}": {
            "min": 0.5262,
            "med": 780.1544,
            "max": 11990.4007,
            "p(90)": 1529.47222,
            "p(95)": 1686.25622,
            "p(99)": 2381.295967999965,
            "avg": 890.4675951188354
        },
        "http_req_waiting": {
            "avg": 1022.8072491743083,
            "min": 0.5262,
            "med": 789.8706500000001,
            "max": 12058.073,
            "p(90)": 1560.47997,
            "p(95)": 1755.3948849999995,
            "p(99)": 11516.785810000003
        },
        "vus": {
            "value": 2,
            "min": 2,
            "max": 60
        },
        "data_received": {
            "count": 917833480,
            "rate": 5562362.079678591
        },
        "http_req_blocked": {
            "avg": 0.07325250573394497,
            "min": 0,
            "med": 0,
            "max": 30.0273,
            "p(90)": 0,
            "p(95)": 0,
            "p(99)": 1.7214410000000047
        },
        "http_req_duration": {
            "p(90)": 1561.3089499999999,
            "p(95)": 1756.0656299999998,
            "p(99)": 11518.347347000003,
            "avg": 1023.9893956020686,
            "min": 0.5262,
            "med": 791.1997,
            "max": 12058.073,
            "thresholds": {
                "p(95)<2000": false,
                "p(99)<3500": true
            }
        },
        "vus_max": {
            "value": 60,
            "min": 60,
            "max": 60
        },
        "http_reqs": {
            "count": 17440,
            "rate": 105.69193299594457
        },
        "http_req_receiving": {
            "p(90)": 2.04061,
            "p(95)": 3.912074999999989,
            "p(99)": 9.211688,
            "avg": 1.1399544610091692,
            "min": 0,
            "med": 0.76345,
            "max": 30.1941
        },
        "iteration_duration": {
            "p(90)": 2221.4640699999995,
            "p(95)": 2435.4879700000006,
            "p(99)": 12501.618589,
            "avg": 1870.6324315137601,
            "min": 546.8135,
            "med": 1666.15445,
            "max": 12559.5269
        },
        "http_req_failed": {
            "passes": 231,
            "fails": 17209,
            "thresholds": {
                "rate<0.02": false
            },
            "value": 0.013245412844036698
        },
        "http_req_tls_handshaking": {
            "max": 0,
            "p(90)": 0,
            "p(95)": 0,
            "p(99)": 0,
            "avg": 0,
            "min": 0,
            "med": 0
        }
    }
}