{
    "metrics": {
        "iterations": {
            "count": 10087,
            "rate": 51.59140095110269
        },
        "http_req_blocked": {
            "min": 0,
            "med": 0,
            "max": 7.9988,
            "p(90)": 0,
            "p(95)": 0,
            "p(99)": 0.36570599999999975,
            "avg": 0.011415713294339247
        },
        "http_req_duration": {
            "p(90)": 217.48223,
            "p(95)": 267.93215000000004,
            "p(99)": 499.8200799999997,
            "avg": 106.40422805591305,
            "min": 0,
            "med": 79.05295000000001,
            "max": 1515.3187,
            "thresholds": {
                "p(95)<2000": false,
                "p(99)<3500": false
            }
        },
        "data_sent": {
            "rate": 98797.53282136164,
            "count": 19316605
        },
        "iteration_duration": {
            "avg": 647.1647437989484,
            "min": 526.5094,
            "med": 616.9,
            "max": 2017.2876,
            "p(90)": 764.0109599999998,
            "p(95)": 823.7789099999999,
            "p(99)": 1088.3608699999975
        },
        "vus": {
            "value": 1,
            "min": 1,
            "max": 40
        },
        "http_req_tls_handshaking": {
            "min": 0,
            "med": 0,
            "max": 0,
            "p(90)": 0,
            "p(95)": 0,
            "p(99)": 0,
            "avg": 0
        },
        "http_req_failed": {
            "passes": 0,
            "fails": 40348,
            "thresholds": {
                "rate<0.02": false
            },
            "value": 0
        },
        "checks": {
            "passes": 40348,
            "fails": 0,
            "value": 1
        },
        "http_req_duration{expected_response:true}": {
            "med": 79.05295000000001,
            "max": 1515.3187,
            "p(90)": 217.48223,
            "p(95)": 267.93215000000004,
            "p(99)": 499.8200799999997,
            "avg": 106.40422805591305,
            "min": 0
        },
        "http_req_connecting": {
            "avg": 0.005569971250123926,
            "min": 0,
            "med": 0,
            "max": 7.3738,
            "p(90)": 0,
            "p(95)": 0,
            "p(99)": 0
        },
        "http_req_receiving": {
            "med": 0.5101,
            "max": 27.2221,
            "p(90)": 4.16436,
            "p(95)": 5.209265,
            "p(99)": 8.197700999999986,
            "avg": 1.2321384430454976,
            "min": 0
        },
        "vus_max": {
            "value": 40,
            "min": 40,
            "max": 40
        },
        "data_received": {
            "count": 2150747946,
            "rate": 11000307.289268024
        },
        "http_req_waiting": {
            "avg": 105.1558967532466,
            "min": 0,
            "med": 77.75980000000001,
            "max": 1514.4175,
            "p(90)": 216.25918000000024,
            "p(95)": 266.5211200000001,
            "p(99)": 496.82515099999995
        },
        "http_reqs": {
            "count": 40348,
            "rate": 206.36560380441077
        },
        "http_req_sending": {
            "min": 0,
            "med": 0,
            "max": 4.9334,
            "p(90)": 0,
            "p(95)": 0,
            "p(99)": 0.42795299999999986,
            "avg": 0.01619285962129475
        }
    },
    "root_group": {
        "name": "",
        "path": "",
        "id": "d41d8cd98f00b204e9800998ecf8427e",
        "groups": {},
        "checks": {
                "health status 200": {
                    "fails": 0,
                    "name": "health status 200",
                    "path": "::health status 200",
                    "id": "54cc6b20b1977b24d2246b3d411f7567",
                    "passes": 10087
                },
                "orders status 200": {
                    "passes": 10087,
                    "fails": 0,
                    "name": "orders status 200",
                    "path": "::orders status 200",
                    "id": "6a48f078abfc880b4d2a452da42becc9"
                },
                "orders summary status 200": {
                    "passes": 10087,
                    "fails": 0,
                    "name": "orders summary status 200",
                    "path": "::orders summary status 200",
                    "id": "60b8974eb98df7d849ba618938e3060f"
                },
                "orders stats status 200": {
                    "passes": 10087,
                    "fails": 0,
                    "name": "orders stats status 200",
                    "path": "::orders stats status 200",
                    "id": "7cddc4bf0d0094d433b30c988244e2a6"
                }
            }
    }
}