{
    "metrics": {
        "http_req_waiting": {
            "avg": 3145.9280521332466,
            "min": 0.4393,
            "med": 1132.6975499999999,
            "max": 12027.8118,
            "p(90)": 11998.87696,
            "p(95)": 11999.525955,
            "p(99)": 12001.074365
        },
        "vus_max": {
            "max": 60,
            "value": 60,
            "min": 60
        },
        "http_req_connecting": {
            "med": 0,
            "max": 54.3016,
            "p(90)": 1.2760799999999999,
            "p(95)": 1.8057999999999967,
            "p(99)": 4.027883999999989,
            "avg": 0.4217902396259492,
            "min": 0
        },
        "http_req_tls_handshaking": {
            "p(90)": 0,
            "p(95)": 0,
            "p(99)": 0,
            "avg": 0,
            "min": 0,
            "med": 0,
            "max": 0
        },
        "http_req_receiving": {
            "med": 0.33740000000000003,
            "max": 46.4507,
            "p(90)": 1.0022,
            "p(95)": 1.5175,
            "p(99)": 11.419032999999976,
            "avg": 0.6696932787843367,
            "min": 0
        },
        "http_req_failed": {
            "passes": 1366,
            "fails": 5478,
            "thresholds": {
                "rate<0.02": true
            },
            "value": 0.19959088252483928
        },
        "iterations": {
            "rate": 9.82296379499311,
            "count": 1711
        },
        "http_reqs": {
            "rate": 39.29185517997244,
            "count": 6844
        },
        "checks": {
            "passes": 5478,
            "fails": 1366,
            "value": 0.8004091174751607
        },
        "http_req_duration{expected_response:true}": {
            "p(99)": 4184.813491,
            "avg": 1105.5854588901082,
            "min": 0.5536,
            "med": 882.3588,
            "max": 5100.8238,
            "p(90)": 2699.48041,
            "p(95)": 3202.240119999997
        },
        "iteration_duration": {
            "p(95)": 12504.0702,
            "p(99)": 12518.995509999999,
            "avg": 4880.065072764464,
            "min": 561.8926,
            "med": 2227.4453,
            "max": 12545.2552,
            "p(90)": 12502.3474
        },
        "data_received": {
            "count": 268113305,
            "rate": 1539256.1589543803
        },
        "http_req_blocked": {
            "avg": 0.5028228521332545,
            "min": 0,
            "med": 0,
            "max": 57.1595,
            "p(90)": 1.4839,
            "p(95)": 2.0004850000000003,
            "p(99)": 4.994728
        },
        "data_sent": {
            "count": 3276565,
            "rate": 18810.975667411803
        },
        "http_req_duration": {
            "max": 12027.8118,
            "p(90)": 11998.96797,
            "p(95)": 11999.582515,
            "p(99)": 12001.0849,
            "avg": 3146.6854338252438,
            "min": 0.5536,
            "med": 1133.55895,
            "thresholds": {
                "p(99)<3500": true,
                "p(95)<2000": true
            }
        },
        "http_req_sending": {
            "avg": 0.08768841320864999,
            "min": 0,
            "med": 0,
            "max": 31.754,
            "p(90)": 0,
            "p(95)": 0.5836549999999998,
            "p(99)": 1.0216
        },
        "vus": {
            "value": 2,
            "min": 2,
            "max": 60
        }
    },
    "root_group": {
        "checks": {
            "health status 200": {
                "fails": 0,
                "name": "health status 200",
                "path": "::health status 200",
                "id": "54cc6b20b1977b24d2246b3d411f7567",
                "passes": 1711
            },
            "orders status 200": {
                "path": "::orders status 200",
                "id": "6a48f078abfc880b4d2a452da42becc9",
                "passes": 1257,
                "fails": 454,
                "name": "orders status 200"
            },
            "orders summary status 200": {
                "path": "::orders summary status 200",
                "id": "60b8974eb98df7d849ba618938e3060f",
                "passes": 1255,
                "fails": 456,
                "name": "orders summary status 200"
            },
            "orders stats status 200": {
                "passes": 1255,
                "fails": 456,
                "name": "orders stats status 200",
                "path": "::orders stats status 200",
                "id": "7cddc4bf0d0094d433b30c988244e2a6"
            }
        },
        "name": "",
        "path": "",
        "id": "d41d8cd98f00b204e9800998ecf8427e",
        "groups": {}
    }
}