{
    "metrics": {
        "data_sent": {
            "count": 6817400,
            "rate": 41171.58513441791
        },
        "iteration_duration": {
            "avg": 1500.5165753651743,
            "min": 551.8237,
            "med": 1473.35255,
            "max": 4671.9548,
            "p(90)": 2084.07253,
            "p(95)": 2324.868224999999,
            "p(99)": 3108.263739999998
        },
        "http_req_sending": {
            "avg": 0.06039934691011219,
            "min": 0,
            "med": 0,
            "max": 21.5426,
            "p(90)": 0,
            "p(95)": 0.5512099999999999,
            "p(99)": 1.0206
        },
        "http_req_waiting": {
            "p(95)": 1542.3153899999998,
            "p(99)": 2350.7822250000013,
            "avg": 743.0695016081418,
            "min": 0,
            "med": 689.72975,
            "max": 4169.9161,
            "p(90)": 1325.90749
        },
        "http_req_receiving": {
            "min": 0,
            "med": 0.5237,
            "max": 79.3007,
            "p(90)": 1.018,
            "p(95)": 1.5315050000000001,
            "p(99)": 14.271160000000009,
            "avg": 0.8177634339887673
        },
        "http_req_duration": {
            "p(95)": 1543.844175,
            "p(99)": 2351.2551600000006,
            "avg": 743.9476643890409,
            "min": 1.004,
            "med": 690.3342,
            "max": 4171.2502,
            "p(90)": 1326.7023100000001,
            "thresholds": {
                "p(95)<2000": false,
                "p(99)<3500": false
            }
        },
        "checks": {
            "fails": 0,
            "passes": 14240,
            "value": 1
        },
        "vus": {
            "value": 1,
            "min": 1,
            "max": 40
        },
        "http_req_failed": {
            "passes": 0,
            "fails": 14240,
            "thresholds": {
                "rate<0.02": false
            },
            "value": 0
        },
        "http_reqs": {
            "count": 14240,
            "rate": 85.99808905361444
        },
        "vus_max": {
            "value": 40,
            "min": 40,
            "max": 40
        },
        "http_req_tls_handshaking": {
            "avg": 0,
            "min": 0,
            "med": 0,
            "max": 0,
            "p(90)": 0,
            "p(95)": 0,
            "p(99)": 0
        },
        "http_req_blocked": {
            "avg": 0.11088779494382017,
            "min": 0,
            "med": 0,
            "max": 39.7806,
            "p(90)": 0,
            "p(95)": 0,
            "p(99)": 1.5344880000000063
        },
        "http_req_connecting": {
            "p(99)": 1.0707,
            "avg": 0.08151480337078648,
            "min": 0,
            "med": 0,
            "max": 34.1984,
            "p(90)": 0,
            "p(95)": 0
        },
        "data_received": {
            "count": 759062846,
            "rate": 4584125.999129075
        },
        "iterations": {
            "count": 3560,
            "rate": 21.49952226340361
        },
        "http_req_duration{expected_response:true}": {
            "med": 690.3342,
            "max": 4171.2502,
            "p(90)": 1326.7023100000001,
            "p(95)": 1543.844175,
            "p(99)": 2351.2551600000006,
            "avg": 743.9476643890409,
            "min": 1.004
        }
    },
    "root_group": {
        "name": "",
        "path": "",
        "id": "d41d8cd98f00b204e9800998ecf8427e",
        "groups": {},
        "checks": {
                "health status 200": {
                    "passes": 3560,
                    "fails": 0,
                    "name": "health status 200",
                    "path": "::health status 200",
                    "id": "54cc6b20b1977b24d2246b3d411f7567"
                },
                "orders status 200": {
                    "name": "orders status 200",
                    "path": "::orders status 200",
                    "id": "6a48f078abfc880b4d2a452da42becc9",
                    "passes": 3560,
                    "fails": 0
                },
                "orders summary status 200": {
                    "id": "60b8974eb98df7d849ba618938e3060f",
                    "passes": 3560,
                    "fails": 0,
                    "name": "orders summary status 200",
                    "path": "::orders summary status 200"
                },
                "orders stats status 200": {
                    "name": "orders stats status 200",
                    "path": "::orders stats status 200",
                    "id": "7cddc4bf0d0094d433b30c988244e2a6",
                    "passes": 3560,
                    "fails": 0
                }
            }
    }
}