{
    "metrics": {
        "data_sent": {
            "count": 9260940,
            "rate": 56037.459313461026
        },
        "data_received": {
            "count": 1031130838,
            "rate": 6239318.296121125
        },
        "http_req_duration{expected_response:true}": {
            "avg": 68.39848706575643,
            "min": 0,
            "med": 48.988600000000005,
            "max": 1304.8204,
            "p(90)": 153.08980000000003,
            "p(95)": 201.3795599999998,
            "p(99)": 294.72036299999985
        },
        "http_reqs": {
            "count": 19344,
            "rate": 117.04952337015358
        },
        "http_req_waiting": {
            "avg": 67.07282882547567,
            "min": 0,
            "med": 47.718599999999995,
            "max": 1304.3329,
            "p(90)": 151.01590000000002,
            "p(95)": 200.538,
            "p(99)": 293.54410499999994
        },
        "iterations": {
            "count": 4836,
            "rate": 29.262380842538395
        },
        "vus": {
            "min": 1,
            "max": 22,
            "value": 1
        },
        "iteration_duration": {
            "med": 564.3204499999999,
            "max": 1805.7464,
            "p(90)": 702.24875,
            "p(95)": 757.99575,
            "p(99)": 1109.1874649999702,
            "avg": 603.3933014267988,
            "min": 531.1092
        },
        "http_req_tls_handshaking": {
            "p(90)": 0,
            "p(95)": 0,
            "p(99)": 0,
            "avg": 0,
            "min": 0,
            "med": 0,
            "max": 0
        },
        "http_req_receiving": {
            "med": 0.4875,
            "max": 25.3468,
            "p(90)": 4.275100000000001,
            "p(95)": 5.427985,
            "p(99)": 9.66789199999999,
            "avg": 1.3085985111662535,
            "min": 0
        },
        "http_req_failed": {
            "passes": 0,
            "fails": 19344,
            "thresholds": {
                "rate<0.02": false
            },
            "value": 0
        },
        "vus_max": {
            "value": 22,
            "min": 22,
            "max": 22
        },
        "http_req_duration": {
            "min": 0,
            "med": 48.988600000000005,
            "max": 1304.8204,
            "p(90)": 153.08980000000003,
            "p(95)": 201.3795599999998,
            "p(99)": 294.72036299999985,
            "avg": 68.39848706575643,
            "thresholds": {
                "p(95)<2000": false,
                "p(99)<3500": false
            }
        },
        "http_req_connecting": {
            "min": 0,
            "med": 0,
            "max": 5.8715,
            "p(90)": 0,
            "p(95)": 0,
            "p(99)": 0,
            "avg": 0.005930350496277915
        },
        "http_req_sending": {
            "max": 3.4574,
            "p(90)": 0,
            "p(95)": 0,
            "p(99)": 0.3977849999999999,
            "avg": 0.01705972911497106,
            "min": 0,
            "med": 0
        },
        "checks": {
            "passes": 19344,
            "fails": 0,
            "value": 1
        },
        "http_req_blocked": {
            "p(95)": 0,
            "p(99)": 0.3501,
            "avg": 0.011245885028949548,
            "min": 0,
            "med": 0,
            "max": 5.8715,
            "p(90)": 0
        }
    },
    "root_group": {
        "name": "",
        "path": "",
        "id": "d41d8cd98f00b204e9800998ecf8427e",
        "groups": {},
        "checks": {
                "health status 200": {
                    "fails": 0,
                    "name": "health status 200",
                    "path": "::health status 200",
                    "id": "54cc6b20b1977b24d2246b3d411f7567",
                    "passes": 4836
                },
                "orders status 200": {
                    "fails": 0,
                    "name": "orders status 200",
                    "path": "::orders status 200",
                    "id": "6a48f078abfc880b4d2a452da42becc9",
                    "passes": 4836
                },
                "orders summary status 200": {
                    "name": "orders summary status 200",
                    "path": "::orders summary status 200",
                    "id": "60b8974eb98df7d849ba618938e3060f",
                    "passes": 4836,
                    "fails": 0
                },
                "orders stats status 200": {
                    "path": "::orders stats status 200",
                    "id": "7cddc4bf0d0094d433b30c988244e2a6",
                    "passes": 4836,
                    "fails": 0,
                    "name": "orders stats status 200"
                }
            }
    }
}