{
    "metrics": {
        "data_sent": {
            "count": 316338,
            "rate": 2614.4722925356814
        },
        "http_req_sending": {
            "p(95)": 0,
            "avg": 0.01761153846153846,
            "min": 0,
            "med": 0,
            "max": 2.9928,
            "p(90)": 0
        },
        "http_req_blocked": {
            "min": 0,
            "med": 0,
            "max": 75.116,
            "p(90)": 0,
            "p(95)": 0,
            "avg": 0.13173560794044661
        },
        "iteration_duration": {
            "med": 2330.5468,
            "max": 8106.7413,
            "p(90)": 3627.62134,
            "p(95)": 4381.995069999997,
            "avg": 2592.0078118320594,
            "min": 1933.1155
        },
        "http_req_tls_handshaking": {
            "p(90)": 0,
            "p(95)": 0,
            "avg": 0,
            "min": 0,
            "med": 0,
            "max": 0
        },
        "http_req_duration{expected_response:true}": {
            "avg": 974.2907369727043,
            "min": 0,
            "med": 988.03315,
            "max": 4659.0648,
            "p(90)": 1996.54975,
            "p(95)": 2548.6924
        },
        "checks": {
            "passes": 796,
            "fails": 0,
            "value": 1
        },
        "http_req_duration": {
            "p(90)": 1996.54975,
            "p(95)": 2548.6924,
            "avg": 974.2907369727043,
            "min": 0,
            "med": 988.03315,
            "max": 4659.0648,
            "thresholds": {
                "p(95)<3000": false
            }
        },
        "http_req_waiting": {
            "avg": 973.8883512406953,
            "min": 0,
            "med": 987.48825,
            "max": 4657.5546,
            "p(90)": 1996.2276,
            "p(95)": 2547.820875
        },
        "http_req_connecting": {
            "min": 0,
            "med": 0,
            "max": 2.7455,
            "p(90)": 0,
            "p(95)": 0,
            "avg": 0.03169900744416873
        },
        "vus": {
            "max": 10,
            "value": 1,
            "min": 1
        },
        "vus_max": {
            "min": 10,
            "max": 10,
            "value": 10
        },
        "http_reqs": {
            "rate": 6.661433870681863,
            "count": 806
        },
        "http_req_failed": {
            "passes": 0,
            "fails": 806,
            "thresholds": {
                "rate<0.01": false
            },
            "value": 0
        },
        "iterations": {
            "count": 262,
            "rate": 2.1653792482861642
        },
        "http_req_receiving": {
            "avg": 0.3847741935483869,
            "min": 0,
            "med": 0,
            "max": 8.3516,
            "p(90)": 0.9747,
            "p(95)": 1.01665
        },
        "data_received": {
            "count": 880565,
            "rate": 7277.699151782847
        }
    },
    "root_group": {
        "id": "d41d8cd98f00b204e9800998ecf8427e",
        "groups": {},
        "checks": {
                "login ok": {
                    "name": "login ok",
                    "path": "::login ok",
                    "id": "0ddcda49e3a8b9d6d2e015dafbaafe65",
                    "passes": 10,
                    "fails": 0
                },
                "health ok": {
                    "fails": 0,
                    "name": "health ok",
                    "path": "::health ok",
                    "id": "c42ae2f6b425daab202696e0780b9a01",
                    "passes": 262
                },
                "pending ok": {
                    "fails": 0,
                    "name": "pending ok",
                    "path": "::pending ok",
                    "id": "201ee19b2d49f0ec5bdb12ad24deb193",
                    "passes": 262
                },
                "history ok": {
                    "id": "a99fd159204238cea6e8508fa9dc6c74",
                    "passes": 262,
                    "fails": 0,
                    "name": "history ok",
                    "path": "::history ok"
                }
            },
        "name": "",
        "path": ""
    }
}